"id","username","password","name","enabled","created_at","updated_at"
"1","1","111","1","Y","29/6/2026 14:12:15","19/6/2026 14:12:41"
"2071475041365856258","user_486787e4-3cc8-40c7-bada-97b6e0ab59e3","123456","测试用户","Y","29/6/2026 14:05:11",
"2071475041827229697","user_8a5f4c31-dfc4-4bb6-a540-b948f01c2e2a","123456","测试用户","Y","29/6/2026 14:05:11",
"2071475042217299970","user_b0e2505f-dd49-48ed-8687-079e1492794a","123456","测试用户","Y","29/6/2026 14:05:11",
"2071475042682867714","user_6762e070-19bd-4f55-87f8-48fab4e3453f","123456","测试用户","Y","29/6/2026 14:05:11",
"2071475043077132289","user_aa491440-04c0-4d3b-a633-b5a9ee9817ab","123456","测试用户","Y","29/6/2026 14:05:11",
"2071475043467202561","user_56eb0852-af36-4d21-b37c-c9413b61b429","123456","测试用户","Y","29/6/2026 14:05:11",
"2071475043857272833","user_f46e9992-e1a2-49de-a823-7e66a0b28495","123456","测试用户","Y","29/6/2026 14:05:11",
"2071475044310257666","user_3a21d535-dc05-4208-b1f4-6ddfc1165f47","123456","测试用户","Y","29/6/2026 14:05:11",
"2071475044775825410","user_c7cbc65d-db8c-4f49-9f62-39ef308376f2","123456","测试用户","Y","29/6/2026 14:05:11",
"2071475045174284290","user_2ce59a08-ae27-4be2-beb6-74cbef759617","123456","测试用户","Y","29/6/2026 14:05:12",
"2071475045560160257","user_108783be-44ec-43f3-a21a-0fcac59d466c","123456","测试用户","Y","29/6/2026 14:05:12",
"2071475045954424834","user_0b157d1e-2b84-4bea-8ca9-65c35764d137","123456","测试用户","Y","29/6/2026 14:05:12",
"2071475046411603969","user_4eb57896-5a00-43f4-a572-9f5b8fbe3f00","123456","测试用户","Y","29/6/2026 14:05:12",
"2071475046801674241","user_d2e74bdc-1ad6-4bd0-b59d-46ad02040d8d","123456","测试用户","Y","29/6/2026 14:05:12",
"2071475047200133121","user_924bc23b-aaa0-4fab-9bb4-259f8408874f","123456","测试用户","Y","29/6/2026 14:05:12",
"2071475047648923650","user_4cd98293-2839-4978-a948-4787cf5e0dc7","123456","测试用户","Y","29/6/2026 14:05:12",
"2071475048043188226","user_f20690c8-1a81-4aa1-8945-9b45df16a5ff","123456","测试用户","Y","29/6/2026 14:05:12",
"2071475048500367361","user_9322636d-6452-4d71-a7cf-18109643bcce","123456","测试用户","Y","29/6/2026 14:05:12",
"2071475048898826242","user_1d4fe939-9623-41bb-9ee1-cb41b79641b2","123456","测试用户","Y","29/6/2026 14:05:12",
"2071475049288896514","user_53fefde5-d93a-435c-b9ea-719925742022","123456","测试用户","Y","29/6/2026 14:05:13",
"2071475049750269954","user_95bd4539-1587-4202-bb9e-3bbc74dd1fb8","123456","测试用户","Y","29/6/2026 14:05:13",
"2071475050144534529","user_4d8a516a-6a02-4b4a-8317-50f16194a01e","123456","测试用户","Y","29/6/2026 14:05:13",
"2071475050605907970","user_835f71b3-909e-4c41-92df-b191117d229d","123456","测试用户","Y","29/6/2026 14:05:13",
"2071475050995978241","user_6b5c8b76-b8eb-43ea-acd1-3b7070f4eda6","123456","测试用户","Y","29/6/2026 14:05:13",
"2071475051386048514","user_da38d2fe-e7c3-4d20-802a-5bbb32462aea","123456","测试用户","Y","29/6/2026 14:05:13",
"2071475051843227650","user_5985edc7-3fcb-4209-8b42-088c38def3ae","123456","测试用户","Y","29/6/2026 14:05:13",
"2071475052237492225","user_89e78f16-6c77-4284-b21f-3a92b7846e94","123456","测试用户","Y","29/6/2026 14:05:13",
"2071475052698865666","user_d565ebc9-479c-436b-b652-040fa1216e93","123456","测试用户","Y","29/6/2026 14:05:13",
"2071475053088935938","user_a90276a1-fdaf-41f3-a11a-9490f65e5bfa","123456","测试用户","Y","29/6/2026 14:05:13",
"2071475053483200514","user_93d49099-b31d-4f22-952b-407d98fa4a68","123456","测试用户","Y","29/6/2026 14:05:14",
"2071475053936185346","user_a9531f69-97ae-4d0a-a156-75fc1cfb0bd8","123456","测试用户","Y","29/6/2026 14:05:14",
"2071475054326255617","user_d5492d8d-9882-4dc1-830b-e49584db105c","123456","测试用户","Y","29/6/2026 14:05:14",
"2071475054787629057","user_2e701ff9-ea4c-4243-b220-d0fa72c85b0f","123456","测试用户","Y","29/6/2026 14:05:14",
"2071475055181893634","user_9b9e6985-6e0d-4dae-b780-0d20a75f30d9","123456","测试用户","Y","29/6/2026 14:05:14",
"2071475055634878465","user_f344f2c8-e17e-4c8a-893b-272c458d4ff4","123456","测试用户","Y","29/6/2026 14:05:14",
"2071475056020754434","user_9b6fe0f7-3b9a-4b5d-aed1-45e1c717cf7d","123456","测试用户","Y","29/6/2026 14:05:14",
"2071475056473739266","user_5a45d405-089f-4ce2-8393-8d3579da643c","123456","测试用户","Y","29/6/2026 14:05:14",
"2071475056868003841","user_2be128fc-0139-462b-9462-b753aa1eb2ae","123456","测试用户","Y","29/6/2026 14:05:14",
"2071475057266462722","user_0ebbd638-b2e9-446f-8a01-5e7ed982f5b3","123456","测试用户","Y","29/6/2026 14:05:14",
"2071475057723641858","user_181b6f93-5103-4873-a2c3-af4009b38fa8","123456","测试用户","Y","29/6/2026 14:05:15",
"2071475058117906434","user_b8900409-f374-4442-9761-f10a0b791d9d","123456","测试用户","Y","29/6/2026 14:05:15",
"2071475058512171009","user_2e74f06a-f6ad-46fe-bb44-45ccbc1040c9","123456","测试用户","Y","29/6/2026 14:05:15",
"2071475058969350145","user_e47176e5-3de3-4e2b-b85f-f738e32bc304","123456","测试用户","Y","29/6/2026 14:05:15",
"2071475059363614722","user_16348b15-f1a9-4e91-930d-56de019eb115","123456","测试用户","Y","29/6/2026 14:05:15",
"2071475059824988162","user_aca72b2d-cce2-4033-9cd3-329bdf1e4fb1","123456","测试用户","Y","29/6/2026 14:05:15",
"2071475060215058433","user_42729796-a91d-4e5a-8c15-31ffdc99ed55","123456","测试用户","Y","29/6/2026 14:05:15",
"2071475060663848962","user_66ecb38f-2426-4f84-a9a0-715290c09335","123456","测试用户","Y","29/6/2026 14:05:15",
"2071475061058113537","user_d1d6c93d-d5f0-4e28-8867-d0cb9f9ff3cb","123456","测试用户","Y","29/6/2026 14:05:15",
"2071475061448183810","user_479b0702-f183-4fa6-8f7e-b33903c32f54","123456","测试用户","Y","29/6/2026 14:05:15",
"2071475061913751553","user_5edc83b1-7db1-4cb9-a3e7-517beb2b9cc7","123456","测试用户","Y","29/6/2026 14:05:16",
"2071475062308016130","user_669aa587-2201-4267-b21d-c53e51fd352b","123456","测试用户","Y","29/6/2026 14:05:16",
"2071475062756806657","user_f38967ec-3f9b-461a-ac2c-726400523878","123456","测试用户","Y","29/6/2026 14:05:16",
"2071475063151071233","user_78c76e5e-9588-42da-a60d-3c41e28d5954","123456","测试用户","Y","29/6/2026 14:05:16",
"2071475063604056065","user_825dbe03-6a05-484c-abac-a36bf4c9be44","123456","测试用户","Y","29/6/2026 14:05:16",
"2071475063994126338","user_d9a05a7a-2d1b-4783-927d-265ca32b68b9","123456","测试用户","Y","29/6/2026 14:05:16",
"2071475064388390913","user_a904b5ec-8d33-477d-b1bb-f64c60278ef8","123456","测试用户","Y","29/6/2026 14:05:16",
"2071475064853958658","user_209b6ead-ec0a-4536-b8ff-1c8d5413c8c0","123456","测试用户","Y","29/6/2026 14:05:16",
"2071475065248223233","user_009022ec-b2c6-4996-bdd5-28c1fe27bbd8","123456","测试用户","Y","29/6/2026 14:05:16",
"2071475065646682114","user_4de1b759-53e6-4ef3-b1da-496ad7b3d2b5","123456","测试用户","Y","29/6/2026 14:05:16",
"2071475066108055553","user_37ce9182-ebf3-46a6-b1e7-cca4d647e7a2","123456","测试用户","Y","29/6/2026 14:05:17",
"2071475066498125825","user_6d2b706e-7434-49a0-bc36-a4c74f4291fe","123456","测试用户","Y","29/6/2026 14:05:17",
"2071475066963693570","user_ac5bf776-04aa-451a-8fa1-67f1e8b6aef5","123456","测试用户","Y","29/6/2026 14:05:17",
"2071475067357958146","user_05fece80-2618-4268-899a-ef9dc61201f7","123456","测试用户","Y","29/6/2026 14:05:17",
"2071475067756417025","user_e58508fb-6149-4af9-b50a-7419d7b25c91","123456","测试用户","Y","29/6/2026 14:05:17",
"2071475068221984770","user_9938f763-4eef-446c-bc55-05df653e0be0","123456","测试用户","Y","29/6/2026 14:05:17",
"2071475068616249345","user_ba7edf4f-c4f8-4188-9f44-43a9400bdde7","123456","测试用户","Y","29/6/2026 14:05:17",
"2071475069006319617","user_5bd118a9-387c-4582-bb66-8049375338ac","123456","测试用户","Y","29/6/2026 14:05:17",
"2071475069467693057","user_12b709fc-16ea-4b94-adf7-2e6fb7f1a746","123456","测试用户","Y","29/6/2026 14:05:17",
"2071475069857763330","user_d1ba8af9-6ac5-4ca2-afb5-69d23bd048ed","123456","测试用户","Y","29/6/2026 14:05:17",
"2071475070314942465","user_35bb8400-902f-42ff-ad9d-05434373a9d9","123456","测试用户","Y","29/6/2026 14:05:18",
"2071475070705012738","user_20ce8d0c-48d7-4196-9a87-4562fbf43471","123456","测试用户","Y","29/6/2026 14:05:18",
"2071475071166386177","user_fe8deef8-46a5-421e-aa19-a1fa57a56947","123456","测试用户","Y","29/6/2026 14:05:18",
"2071475071556456450","user_dfe03ccf-1901-4195-b385-72cc1e2e1b4a","123456","测试用户","Y","29/6/2026 14:05:18",
"2071475071946526721","user_5c697182-1f2c-4188-8107-8a317361c8d8","123456","测试用户","Y","29/6/2026 14:05:18",
"2071475072412094466","user_040751c0-698e-4f24-8ee5-48261880e2e8","123456","测试用户","Y","29/6/2026 14:05:18",
"2071475072802164738","user_8c1a61cd-7f66-4711-85c2-ed668a50f380","123456","测试用户","Y","29/6/2026 14:05:18",
"2071475073255149570","user_2f96528c-1d16-45c0-aeac-dd9ff74c19e6","123456","测试用户","Y","29/6/2026 14:05:18",
"2071475073649414145","user_a44ac53d-5951-440e-9dca-dc1e54e244cc","123456","测试用户","Y","29/6/2026 14:05:18",
"2071475074094010370","user_d69dc3fe-7f07-434f-8c67-d86f0b42e916","123456","测试用户","Y","29/6/2026 14:05:18",
"2071475074488274945","user_0dc580c4-e09b-49a7-940f-69dca9c712f9","123456","测试用户","Y","29/6/2026 14:05:19",
"2071475074886733826","user_d8d786c6-9d6b-4ef8-aec3-6a106da237f0","123456","测试用户","Y","29/6/2026 14:05:19",
"2071475075343912962","user_a3bef888-bae2-4a57-9cfc-0776600d96ab","123456","测试用户","Y","29/6/2026 14:05:19",
"2071475075742371842","user_8767ab38-a82f-4b76-a40b-f0dcb3f34338","123456","测试用户","Y","29/6/2026 14:05:19",
"2071475076136636417","user_d4804ec9-a1f8-460b-85c4-41dd24680260","123456","测试用户","Y","29/6/2026 14:05:19",
"2071475076589621249","user_589346b4-8184-4cf3-a90d-c647cd40cc2d","123456","测试用户","Y","29/6/2026 14:05:19",
"2071475076983885825","user_4767077d-7295-42bd-b10c-e1429f7ec845","123456","测试用户","Y","29/6/2026 14:05:19",
"2071475077436870657","user_ec62f5d5-8e35-4a56-aca1-3cded9c1f0c6","123456","测试用户","Y","29/6/2026 14:05:19",
"2071475077839523841","user_f6eccd34-5283-4185-b562-612d76c24877","123456","测试用户","Y","29/6/2026 14:05:19",
"2071475078233788418","user_75230e21-0322-4451-9a9b-f8fa35b94ab5","123456","测试用户","Y","29/6/2026 14:05:19",
"2071475078686773249","user_feec8619-0dc5-4c61-ad6a-37c60b50a39d","123456","测试用户","Y","29/6/2026 14:05:20",
"2071475079076843521","user_a59696f1-d20d-4997-928e-bf2c899bc912","123456","测试用户","Y","29/6/2026 14:05:20",
"2071475079534022657","user_af7dcdda-fa6e-4689-ae31-487b3a16d538","123456","测试用户","Y","29/6/2026 14:05:20",
"2071475079924092930","user_dd7d5a74-3b45-4bf4-b23c-2dc76398ed68","123456","测试用户","Y","29/6/2026 14:05:20",
"2071475080389660674","user_3439fd75-f296-4a90-9d8d-ce94a1533ad4","123456","测试用户","Y","29/6/2026 14:05:20",
"2071475080788119554","user_b84b63e8-fa39-4bcd-9b39-162f27784327","123456","测试用户","Y","29/6/2026 14:05:20",
"2071475081178189825","user_97950477-c3a7-4661-87cc-a7c6a47cfec0","123456","测试用户","Y","29/6/2026 14:05:20",
"2071475081635368962","user_04a07e65-f5e0-4fa9-be54-15dd147330f4","123456","测试用户","Y","29/6/2026 14:05:20",
"2071475082029633538","user_cae1a261-a039-45d3-8092-367503bf2006","123456","测试用户","Y","29/6/2026 14:05:20",
"2071475082423898113","user_6fdd6286-9973-4bb9-8b7b-6ef88f9f2053","123456","测试用户","Y","29/6/2026 14:05:20",
"2071475082885271553","user_258d7311-f1bf-47d9-9544-e464bfb2fe47","123456","测试用户","Y","29/6/2026 14:05:21",
"2071475184597143553","user_705bde71-4491-4904-95a1-fbb630e90ad4","123456","测试用户","Y","29/6/2026 14:05:45",
"2071475185054322689","user_3632662b-16d2-4dfd-8666-105dd0e400f3","123456","测试用户","Y","29/6/2026 14:05:45",
"2071475185511501826","user_4ff71eb8-6f90-46c0-ae72-69f452a14dab","123456","测试用户","Y","29/6/2026 14:05:45",
"2071475185905766402","user_1c095eab-fd0c-4b12-9082-91b3787a0df5","123456","测试用户","Y","29/6/2026 14:05:45",
"2071475186354556929","user_cd813b42-5806-4ed0-a2bd-368f2236ff7a","123456","测试用户","Y","29/6/2026 14:05:45",
"2071475186761404418","user_f681a0bc-f52c-4125-a047-1970232e922d","123456","测试用户","Y","29/6/2026 14:05:45",
"2071475187210194946","user_ea6e1c18-91b3-4062-a782-8d9dd66f8816","123456","测试用户","Y","29/6/2026 14:05:45",
"2071475187545739266","user_904a9cbb-1e50-48fd-bbaf-011877ad5885","123456","测试用户","Y","29/6/2026 14:05:46",
"2071475187998724098","user_28c97952-dfc4-4760-b519-b5d13cfd708f","123456","测试用户","Y","29/6/2026 14:05:46",
"2071475188392988673","user_d6f0ddec-3a4c-4940-ab14-50f369e9b8cf","123456","测试用户","Y","29/6/2026 14:05:46",
"2071475188787253249","user_2a4dc6b0-5f38-4cdd-b75c-1031c484e915","123456","测试用户","Y","29/6/2026 14:05:46",
"2071475189244432386","user_1d5346de-1056-4111-a89b-ac45977044a6","123456","测试用户","Y","29/6/2026 14:05:46",
"2071475189634502658","user_94b06fa0-da86-4e01-aec7-59a1a91dbcaa","123456","测试用户","Y","29/6/2026 14:05:46",
"2071475190087487490","user_6ed55b3c-c83d-4491-a5fa-86bec4748825","123456","测试用户","Y","29/6/2026 14:05:46",
"2071475190477557761","user_72318475-63c3-4235-85ae-6e35dc4c6f3b","123456","测试用户","Y","29/6/2026 14:05:46",
"2071475190930542594","user_22b9a1cb-03e0-4570-a40d-283dffb3f3cd","123456","测试用户","Y","29/6/2026 14:05:46",
"2071475191324807169","user_bb89c128-3273-4030-a2ff-db063cc75de5","123456","测试用户","Y","29/6/2026 14:05:46",
"2071475191719071745","user_a420872c-ddf9-43dd-8814-adbd3d2679dc","123456","测试用户","Y","29/6/2026 14:05:47",
"2071475192184639490","user_d3250669-c71e-4d55-b3cc-3a857cb079ce","123456","测试用户","Y","29/6/2026 14:05:47",
"2071475192583098369","user_49148cf8-7d31-4ed7-a9f5-867f187e2f9f","123456","测试用户","Y","29/6/2026 14:05:47",
"2071475192981557249","user_8c18e719-040c-49a6-9a7a-570b5b92a5aa","123456","测试用户","Y","29/6/2026 14:05:47",
"2071475193426153474","user_44e654a3-5b18-4ba3-bc5d-8af265cdb48e","123456","测试用户","Y","29/6/2026 14:05:47",
"2071475193816223745","user_b53ca9c3-86a6-4837-bf16-fb60b829b069","123456","测试用户","Y","29/6/2026 14:05:47",
"2071475194273402882","user_d418d924-0584-40bd-90bc-6a3b7a60f7b8","123456","测试用户","Y","29/6/2026 14:05:47",
"2071475194663473153","user_00d711ef-2f3e-4cfa-ad57-651e96a2b472","123456","测试用户","Y","29/6/2026 14:05:47",
"2071475195124846594","user_799dff4d-28f3-4680-b746-ca2d88e2fbb8","123456","测试用户","Y","29/6/2026 14:05:47",
"2071475195519111169","user_3d25b036-895e-4a31-af0f-8cc5ab9f748d","123456","测试用户","Y","29/6/2026 14:05:47",
"2071475195913375745","user_b1754c18-8bf2-4fd8-9a13-7d7a98f730a1","123456","测试用户","Y","29/6/2026 14:05:48",
"2071475196370554882","user_7d50a51b-135d-4b92-9d55-547293bba4a8","123456","测试用户","Y","29/6/2026 14:05:48",
"2071475196752236546","user_540b1e75-6eae-4ba3-b76e-1e4b3ae33e91","123456","测试用户","Y","29/6/2026 14:05:48",
"2071475197209415681","user_b11e6b29-d396-42cc-b55f-610c13685803","123456","测试用户","Y","29/6/2026 14:05:48",
"2071475197603680258","user_87276fae-3399-4ef7-b1b7-37ed0dd56922","123456","测试用户","Y","29/6/2026 14:05:48",
"2071475198052470785","user_9f40231d-e874-4393-a4c1-1b40595e7678","123456","测试用户","Y","29/6/2026 14:05:48",
"2071475198455123969","user_6b29ef2e-4f40-4b00-89d0-f1d33414e5b0","123456","测试用户","Y","29/6/2026 14:05:48",
"2071475198849388546","user_61c48415-7ba3-4a71-8d60-c12234dd69fb","123456","测试用户","Y","29/6/2026 14:05:48",
"2071475199314956290","user_166e9194-63a4-47fe-8e4b-5042d47edd73","123456","测试用户","Y","29/6/2026 14:05:48",
"2071475199709220866","user_30ec2043-7704-44d6-90b6-659c9ab171ef","123456","测试用户","Y","29/6/2026 14:05:48",
"2071475200166400001","user_3457dbcb-0145-43b4-922f-cfc1a903b442","123456","测试用户","Y","29/6/2026 14:05:49",
"2071475200556470273","user_eb1190a9-1f4f-4fc2-8ea5-8e314bb1ab33","123456","测试用户","Y","29/6/2026 14:05:49",
"2071475200946540546","user_94a565a4-fd4e-44ec-8db8-06616a43de66","123456","测试用户","Y","29/6/2026 14:05:49",
"2071475201403719681","user_8eea3e3a-e81e-45a1-b5e8-7b37babc3cfd","123456","测试用户","Y","29/6/2026 14:05:49",
"2071475201797984257","user_5c41f44d-616e-4e95-a464-1a336356d624","123456","测试用户","Y","29/6/2026 14:05:49",
"2071475202259357697","user_d99df5dc-5467-4680-b138-c2e813d1bb92","123456","测试用户","Y","29/6/2026 14:05:49",
"2071475202657816578","user_ce213ffd-e55b-4307-9e9b-807e10030742","123456","测试用户","Y","29/6/2026 14:05:49",
"2071475203052081153","user_9e9e614b-a9a7-48cc-85b7-f4251f0d3524","123456","测试用户","Y","29/6/2026 14:05:49",
"2071475203509260290","user_0e42d046-fe4e-4452-b4f4-baab82b006da","123456","测试用户","Y","29/6/2026 14:05:49",
"2071475203899330561","user_0d64bd87-db6a-4aa0-8c9f-5f2a42d43adf","123456","测试用户","Y","29/6/2026 14:05:49",
"2071475204297789441","user_23080707-436e-4a81-8d52-8fc770cb4874","123456","测试用户","Y","29/6/2026 14:05:50",
"2071475204754968578","user_4289c8c9-f0e8-4cf2-973a-2b2c6c50a95d","123456","测试用户","Y","29/6/2026 14:05:50",
"2071475205140844545","user_bfa80e83-6e10-479b-bdcb-6cbf7e3273b6","123456","测试用户","Y","29/6/2026 14:05:50",
"2071475205606412289","user_77a60b7a-0cc4-44e2-ae77-d59e495d17f9","123456","测试用户","Y","29/6/2026 14:05:50",
"2071475206000676865","user_4a5afa4c-c862-4f87-896b-3fa66eb3f7a7","123456","测试用户","Y","29/6/2026 14:05:50",
"2071475206399135745","user_7be9b0ce-532e-4605-b883-d43617f3fdbf","123456","测试用户","Y","29/6/2026 14:05:50",
"2071475206847926274","user_8fbd7682-3a0e-43cf-a400-0682e83434e0","123456","测试用户","Y","29/6/2026 14:05:50",
"2071475207237996545","user_3e408d62-63fe-4190-ab65-91a9d14cda3f","123456","测试用户","Y","29/6/2026 14:05:50",
"2071475207695175681","user_545499f9-9a17-4ec7-819c-ef1f10ef00ef","123456","测试用户","Y","29/6/2026 14:05:50",
"2071475208089440258","user_8e443641-f96b-4533-bfd8-abd50dea5d0d","123456","测试用户","Y","29/6/2026 14:05:50",
"2071475208546619393","user_b27a74a3-2c08-4138-99c0-a95a093ac893","123456","测试用户","Y","29/6/2026 14:05:51",
"2071475208940883970","user_30de50f8-70d7-48fc-978c-eb5115bebb27","123456","测试用户","Y","29/6/2026 14:05:51",
"2071475209335148546","user_ef094b98-3999-4e43-a94c-501aec2835cb","123456","测试用户","Y","29/6/2026 14:05:51",
"2071475209788133377","user_afeae71c-e44e-498e-806f-bf58ff9b827d","123456","测试用户","Y","29/6/2026 14:05:51",
"2071475210186592258","user_1209fb19-c1f8-47b2-b603-88e97fd118e6","123456","测试用户","Y","29/6/2026 14:05:51",
"2071475210580856834","user_f106fc34-9adf-40ec-84ea-6cf7a753ac01","123456","测试用户","Y","29/6/2026 14:05:51",
"2071475211050618881","user_9d8cb6a3-441c-4efa-b855-69cad23663bf","123456","测试用户","Y","29/6/2026 14:05:51",
"2071475211440689154","user_49bb0bf6-27a3-4d7b-b7bf-5322cd3d9c23","123456","测试用户","Y","29/6/2026 14:05:51",
"2071475211910451202","user_32569633-9677-4f04-8a03-ee53ef1e59f5","123456","测试用户","Y","29/6/2026 14:05:51",
"2071475212304715778","user_511f26da-fee6-499e-ad63-0a1d2fb4ef96","123456","测试用户","Y","29/6/2026 14:05:51",
"2071475212698980353","user_2fd0241b-99b3-402b-ae26-afa1d0af8639","123456","测试用户","Y","29/6/2026 14:05:52",
"2071475213164548098","user_fb82a75d-e80e-4920-99d4-bee447f43ee0","123456","测试用户","Y","29/6/2026 14:05:52",
"2071475213554618370","user_4bf230de-a4a3-4a31-8c40-862c853cb1be","123456","测试用户","Y","29/6/2026 14:05:52",
"2071475214003408897","user_99b83e61-2771-48e8-8503-bbe050f6ad8b","123456","测试用户","Y","29/6/2026 14:05:52",
"2071475214406062082","user_a51ec603-3e2f-49dd-b8db-6cb43b889242","123456","测试用户","Y","29/6/2026 14:05:52",
"2071475214796132354","user_fad20f8a-eac3-4680-a629-60c1202423a9","123456","测试用户","Y","29/6/2026 14:05:52",
"2071475215249117185","user_6136d97b-9150-4de0-a61e-2cf52f81a0d0","123456","测试用户","Y","29/6/2026 14:05:52",
"2071475215643381761","user_c92aa531-cf82-4b0a-aa72-e3e2762abb16","123456","测试用户","Y","29/6/2026 14:05:52",
"2071475216092172289","user_877fbf9c-6435-474d-a2d3-41cbd67efead","123456","测试用户","Y","29/6/2026 14:05:52",
"2071475216482242561","user_02595c18-9c36-47ac-b5ef-81119876a526","123456","测试用户","Y","29/6/2026 14:05:52",
"2071475216947810306","user_8a8e680d-2725-4d01-b8ca-0a061920b9ff","123456","测试用户","Y","29/6/2026 14:05:53",
"2071475217337880577","user_cef5461a-cb41-46f5-ade6-f78c67fd16f0","123456","测试用户","Y","29/6/2026 14:05:53",
"2071475217719562242","user_cb428288-b236-4e07-b8c8-27ab560cf598","123456","测试用户","Y","29/6/2026 14:05:53",
"2071475218180935681","user_87df85a7-fff3-42d7-8e3c-82874564bf66","123456","测试用户","Y","29/6/2026 14:05:53",
"2071475218583588865","user_cdfcfd4c-4053-4543-b8c4-6b76bd3cfb21","123456","测试用户","Y","29/6/2026 14:05:53",
"2071475219028185090","user_86b4f0b4-87ab-47c5-aeef-4a18d48c96db","123456","测试用户","Y","29/6/2026 14:05:53",
"2071475219426643969","user_297bef08-2c57-43ac-9e62-e0f0fc0157c8","123456","测试用户","Y","29/6/2026 14:05:53",
"2071475219816714241","user_4b5699fb-5ea8-4914-ad57-6fbc8729bc4c","123456","测试用户","Y","29/6/2026 14:05:53",
"2071475220278087682","user_1fe1b6fa-5a17-40f4-ade9-511aa3bea91f","123456","测试用户","Y","29/6/2026 14:05:53",
"2071475220672352258","user_a4063aa0-cc8a-40ba-a6a9-32fe1b1d96cd","123456","测试用户","Y","29/6/2026 14:05:53",
"2071475221121142785","user_4cdb69c4-b3c4-42fd-b7ed-52e9be696ef3","123456","测试用户","Y","29/6/2026 14:05:54",
"2071475221519601666","user_bf4c6ba9-7f5b-427b-8edc-dde97dfe04f0","123456","测试用户","Y","29/6/2026 14:05:54",
"2071475221972586498","user_b9e24498-11df-49fe-9ede-cf12547af123","123456","测试用户","Y","29/6/2026 14:05:54",
"2071475222362656769","user_cd8620ab-89d4-49f2-9fca-ec396bde875c","123456","测试用户","Y","29/6/2026 14:05:54",
"2071475222752727042","user_b3f9668f-d3ea-4d3f-8b43-a97557546b6e","123456","测试用户","Y","29/6/2026 14:05:54",
"2071475223209906177","user_2ea0fc03-3583-4c43-9fad-1b36fd21d6ba","123456","测试用户","Y","29/6/2026 14:05:54",
"2071475223599976450","user_30707eee-ae23-4495-ac0d-89f8217c76bb","123456","测试用户","Y","29/6/2026 14:05:54",
"2071475224052961282","user_b7a1590f-a79e-4250-ac95-d95a026a2b05","123456","测试用户","Y","29/6/2026 14:05:54",
"2071475224434642945","user_62dac8d1-24db-499e-b8d8-cd02b63c2185","123456","测试用户","Y","29/6/2026 14:05:54",
"2071475224887627778","user_e9e85747-2c35-4901-a45b-195a233acd6d","123456","测试用户","Y","29/6/2026 14:05:54",
"2071475225277698050","user_96be6733-6b6e-4039-92f8-7af3aba579ed","123456","测试用户","Y","29/6/2026 14:05:55",
"2071475225726488577","user_ad262332-3c85-491c-93e6-385fcf6a106a","123456","测试用户","Y","29/6/2026 14:05:55",
"2071475226120753153","user_951e9f3a-8e05-42a5-8cd4-28bc081b1733","123456","测试用户","Y","29/6/2026 14:05:55",
"2071475535089963009","user_9cb25f24-dc00-4638-acf7-3db24ee8109a","123456","测试用户","Y","29/6/2026 14:07:08",
"2071475535610056706","user_9c9730a4-c39b-4e9e-9c4b-6402930dc0cc","123456","测试用户","Y","29/6/2026 14:07:09",
"2071475535995932674","user_adc2c4e6-d326-4bfe-a1af-3993c97e6c85","123456","测试用户","Y","29/6/2026 14:07:09",
"2071475536386002946","user_d5654d33-8c4e-4fc8-ae5a-38261fa182bc","123456","测试用户","Y","29/6/2026 14:07:09",
"2071475536838987778","user_b0f1e4f8-58ae-43d9-83bc-a7c95ee096ac","123456","测试用户","Y","29/6/2026 14:07:09",
"2071475537241640961","user_73d95af1-34e0-4cb5-a162-2f0baefb29b7","123456","测试用户","Y","29/6/2026 14:07:09",
"2071475537627516930","user_47960086-69e6-482e-9f88-b5938f13a019","123456","测试用户","Y","29/6/2026 14:07:09",
"2071475538025975809","user_4a3c7f61-8aa7-45b7-bbea-ea4d78fbe867","123456","测试用户","Y","29/6/2026 14:07:09",
"2071475538474766338","user_8745ac84-ad7f-4bde-b8ca-4285f7501897","123456","测试用户","Y","29/6/2026 14:07:09",
"2071475538873225217","user_c3bfe5f3-ad99-4278-9995-a8d1a52ee50e","123456","测试用户","Y","29/6/2026 14:07:09",
"2071475539330404353","user_cc50bdd8-93e3-42ba-bc99-aed127875757","123456","测试用户","Y","29/6/2026 14:07:09",
"2071475539716280321","user_0226cc7b-65e7-418e-8118-a94b440bb5b8","123456","测试用户","Y","29/6/2026 14:07:09",
"2071475540110544898","user_6fe52367-a7c3-45e1-bd28-e7147565f619","123456","测试用户","Y","29/6/2026 14:07:10",
"2071475540567724033","user_cfc06229-c016-4854-97b2-34e9b9c20f58","123456","测试用户","Y","29/6/2026 14:07:10",
"2071475541020708865","user_5987d625-93f4-4b8d-949b-ca81b52c0cb8","123456","测试用户","Y","29/6/2026 14:07:10",
"2071475541410779137","user_ca02f906-afe8-404b-9e47-b0913f9818e5","123456","测试用户","Y","29/6/2026 14:07:10",
"2071475541830209537","user_b40d2d5d-c2b1-41bf-be32-b68350930632","123456","测试用户","Y","29/6/2026 14:07:10",
"2071475542262222850","user_560abf58-3cf8-414f-a473-a3a058e5fd9e","123456","测试用户","Y","29/6/2026 14:07:10",
"2071475542648098817","user_f9c3c406-2881-465a-a71f-4589532cef42","123456","测试用户","Y","29/6/2026 14:07:10",
"2071475543117860865","user_4b41475a-cf99-48a9-8760-8eb9078ef4a0","123456","测试用户","Y","29/6/2026 14:07:10",
"2071475543495348226","user_b54fad49-ff3c-4e5f-bfa7-ee7965ee3c05","123456","测试用户","Y","29/6/2026 14:07:10",
"2071475543956721666","user_8374c48f-c131-4477-acba-f3a7b70f36b3","123456","测试用户","Y","29/6/2026 14:07:10",
"2071475544342597633","user_3f9e0757-86df-471b-ba50-ccfd34ef0cb2","123456","测试用户","Y","29/6/2026 14:07:11",
"2071475544745250817","user_6638940d-ca5c-402a-be84-547430416e13","123456","测试用户","Y","29/6/2026 14:07:11",
"2071475545198235650","user_f7fc15aa-e704-458f-9a79-32e50e09b53d","123456","测试用户","Y","29/6/2026 14:07:11",
"2071475545588305922","user_ed5b7558-fca5-4a83-acf3-684623f206bb","123456","测试用户","Y","29/6/2026 14:07:11",
"2071475545990959106","user_f6e989d7-eb65-4aa4-ba8b-668610428eaa","123456","测试用户","Y","29/6/2026 14:07:11",
"2071475546448138242","user_ade8f09a-f655-4be1-8dcd-932e28c517ae","123456","测试用户","Y","29/6/2026 14:07:11",
"2071475546842402818","user_5d3b7ee4-9736-4ec6-bcd4-1e8134cad74e","123456","测试用户","Y","29/6/2026 14:07:11",
"2071475547282804737","user_11a7b741-00f5-4d70-9b45-04412c65f6b1","123456","测试用户","Y","29/6/2026 14:07:11",
"2071475547672875009","user_8f60e8bb-f0d6-4905-b84b-0284afac1ff4","123456","测试用户","Y","29/6/2026 14:07:11",
"2071475548134248450","user_ae54f516-12ec-4712-897e-06336399b550","123456","测试用户","Y","29/6/2026 14:07:11",
"2071475548536901633","user_639dc8c8-1c8f-4879-8400-12308e58c041","123456","测试用户","Y","29/6/2026 14:07:12",
"2071475548931166209","user_dd28a419-55cd-48a9-8d74-a62d28c0af28","123456","测试用户","Y","29/6/2026 14:07:12",
"2071475549405122561","user_7a1e6c2e-93e7-43f7-a68c-7ca4e8ac479f","123456","测试用户","Y","29/6/2026 14:07:12",
"2071475549782609921","user_ca9058a6-35f6-42c5-846e-1f43335f2a69","123456","测试用户","Y","29/6/2026 14:07:12",
"2071475550243983361","user_5d16ff93-f50e-45ac-b5a1-2323cca7317d","123456","测试用户","Y","29/6/2026 14:07:12",
"2071475550629859329","user_b4f2ec4a-ce33-446a-84cc-35ec6823c674","123456","测试用户","Y","29/6/2026 14:07:12",
"2071475551032512514","user_bbc7fe76-bb69-4de4-9c75-17b5dbea1824","123456","测试用户","Y","29/6/2026 14:07:12",
"2071475551502274561","user_ca1c6eb6-bac6-42b8-bb07-8be3c322d72c","123456","测试用户","Y","29/6/2026 14:07:12",
"2071475551871373314","user_ffdcfd1b-7eb4-4a29-aced-ba9f3a2f3b87","123456","测试用户","Y","29/6/2026 14:07:12",
"2071475552332746754","user_8102b904-8630-40d9-adf4-46568c029c64","123456","测试用户","Y","29/6/2026 14:07:12",
"2071475552731205633","user_e44bc68f-33d3-42d2-a482-fdc6943eb5d2","123456","测试用户","Y","29/6/2026 14:07:13",
"2071475553112887298","user_90c989de-9869-4a89-93df-6d500eadd612","123456","测试用户","Y","29/6/2026 14:07:13",
"2071475553578455041","user_a2a56041-9cfc-4f56-8f26-582d6af3ba30","123456","测试用户","Y","29/6/2026 14:07:13",
"2071475553968525313","user_6c17a5d6-e0fc-4fbe-9bc1-ff1c91c7d729","123456","测试用户","Y","29/6/2026 14:07:13",
"2071475554425704450","user_1bc9ffd9-0726-4771-a19a-2fee7e908160","123456","测试用户","Y","29/6/2026 14:07:13",
"2071475554819969025","user_eb754e91-9d07-4b5b-b0c9-54ce52713b17","123456","测试用户","Y","29/6/2026 14:07:13",
"2071475555218427905","user_caa271d9-269d-43c4-8990-4d754c6eaf59","123456","测试用户","Y","29/6/2026 14:07:13",
"2071475555667218434","user_a2f61bfa-9bf9-4bf8-a4ed-70c8f59394d9","123456","测试用户","Y","29/6/2026 14:07:13",
"2071475556124397569","user_7cb24d7e-a171-4733-a8af-261a2eb2fd5d","123456","测试用户","Y","29/6/2026 14:07:13",
"2071475556514467841","user_52cc0a84-eeac-4663-a052-7a664538c08e","123456","测试用户","Y","29/6/2026 14:07:13",
"2071475556904538114","user_3f54eee0-4dbf-4761-8edb-568f67f3cfc6","123456","测试用户","Y","29/6/2026 14:07:14",
"2071475557370105857","user_5c8b09e2-3e08-43db-84d8-fc876aa618fb","123456","测试用户","Y","29/6/2026 14:07:14",
"2071475557760176130","user_4a4bcc2c-d750-489b-b3a8-202eb1c4f777","123456","测试用户","Y","29/6/2026 14:07:14",
"2071475558150246401","user_5d0a2b71-a41f-4554-a75e-2fd2b724bf76","123456","测试用户","Y","29/6/2026 14:07:14",
"2071475558611619842","user_2ed13610-aa7c-411a-bd3e-d9f47284d08b","123456","测试用户","Y","29/6/2026 14:07:14",
"2071475559010078721","user_c0bef35c-0ae9-411e-b43c-229d804b1cc3","123456","测试用户","Y","29/6/2026 14:07:14",
"2071475559467257857","user_ddcd1194-5da2-47f7-8aa1-35911a15abf9","123456","测试用户","Y","29/6/2026 14:07:14",
"2071475559853133826","user_973fdbb6-f789-4e55-a67c-49ee9567f9ee","123456","测试用户","Y","29/6/2026 14:07:14",
"2071475560318701569","user_c1e80600-abb9-4fbf-b67a-3b0ab3657070","123456","测试用户","Y","29/6/2026 14:07:14",
"2071475560771686401","user_00fbc24f-a35b-4de9-99a2-01fc24dd0445","123456","测试用户","Y","29/6/2026 14:07:15",
"2071475561157562369","user_702f4a29-e041-418b-8f5e-1f5e70803fa2","123456","测试用户","Y","29/6/2026 14:07:15",
"2071475561551826946","user_699a9212-7ef6-4682-8264-85c47ad018c2","123456","测试用户","Y","29/6/2026 14:07:15",
"2071475561946091522","user_5f6acb74-a0dc-486c-ab1f-a5709b3af94a","123456","测试用户","Y","29/6/2026 14:07:15",
"2071475562344550401","user_fd57a0f9-c6bd-4621-a58e-54a16302f311","123456","测试用户","Y","29/6/2026 14:07:15",
"2071475562797535234","user_8cc47474-70b0-4020-ae03-ca490d8ccec9","123456","测试用户","Y","29/6/2026 14:07:15",
"2071475563191799809","user_2efdaf95-fcec-411a-97f1-2a2cea41d900","123456","测试用户","Y","29/6/2026 14:07:15",
"2071475563653173250","user_da01c73e-6815-4e0c-ab66-be2bcb12c629","123456","测试用户","Y","29/6/2026 14:07:15",
"2071475564110352385","user_b930edb6-5eec-4bc2-8b50-5a5622bb159d","123456","测试用户","Y","29/6/2026 14:07:15",
"2071475564454285313","user_31ccc69b-ce18-4913-b5b3-fb11218c2aae","123456","测试用户","Y","29/6/2026 14:07:15",
"2071475564907270145","user_a198bea9-b164-4371-8896-106e1bad0edd","123456","测试用户","Y","29/6/2026 14:07:15",
"2071475565293146113","user_0bc5fcc5-a21d-4fe2-86fc-f4cc01f2021d","123456","测试用户","Y","29/6/2026 14:07:16",
"2071475565758713857","user_b27113d6-595d-4ca1-9e3f-91f8e5bb8685","123456","测试用户","Y","29/6/2026 14:07:16",
"2071475566148784129","user_ad119030-4fd7-40e6-bb20-0b8bcaa26b58","123456","测试用户","Y","29/6/2026 14:07:16",
"2071475566538854402","user_cf0a1287-6075-405d-a0a9-fd870fb266b7","123456","测试用户","Y","29/6/2026 14:07:16",
"2071475566991839234","user_09547c81-6c04-4eff-a4c6-d1a6a220067b","123456","测试用户","Y","29/6/2026 14:07:16",
"2071475567390298114","user_ddc920fa-a7e5-4ba4-a881-432d50a69c4e","123456","测试用户","Y","29/6/2026 14:07:16",
"2071475567851671553","user_f7e4aeea-f99b-44db-bc75-bc7bde8137e3","123456","测试用户","Y","29/6/2026 14:07:16",
"2071475568254324737","user_9b8ab16b-b1ce-4b69-96bd-0b4b1cd5e2f9","123456","测试用户","Y","29/6/2026 14:07:16",
"2071475568694726657","user_4b8d728d-2ef8-42cc-8765-0ec3c092a25b","123456","测试用户","Y","29/6/2026 14:07:16",
"2071475569080602626","user_0294aba6-c831-46b9-91c0-60f2ff4a098a","123456","测试用户","Y","29/6/2026 14:07:16",
"2071475569533587458","user_bf3e856a-8a2a-45c3-87d5-82552cea330f","123456","测试用户","Y","29/6/2026 14:07:17",
"2071475569936240641","user_e1863451-7715-4b25-9286-13a95cf4cfd8","123456","测试用户","Y","29/6/2026 14:07:17",
"2071475570330505217","user_f37f49c6-d135-4669-adfc-30deb65cde5e","123456","测试用户","Y","29/6/2026 14:07:17",
"2071475570733158401","user_208b1f7f-e36a-40aa-9eff-fc9e532af5ee","123456","测试用户","Y","29/6/2026 14:07:17",
"2071475571190337537","user_5d0415e7-2afb-46db-aecd-adb96d968002","123456","测试用户","Y","29/6/2026 14:07:17",
"2071475571576213506","user_1a854a74-5c2d-43db-af23-60656b7497a2","123456","测试用户","Y","29/6/2026 14:07:17",
"2071475572037586946","user_6274fe67-2c7a-4c58-919f-742703d1772a","123456","测试用户","Y","29/6/2026 14:07:17",
"2071475572427657218","user_8bf98a89-8102-4bc6-b30d-d68c4a38abf8","123456","测试用户","Y","29/6/2026 14:07:17",
"2071475572889030657","user_80d08af4-2370-4801-90b6-00a0d73e2fc2","123456","测试用户","Y","29/6/2026 14:07:17",
"2071475573279100929","user_a4dce8fd-0eb6-4c6b-87c3-8fb33189039a","123456","测试用户","Y","29/6/2026 14:07:17",
"2071475573669171202","user_a1a60d8c-fade-4b76-b990-f4b86e22a572","123456","测试用户","Y","29/6/2026 14:07:18",
"2071475574134738946","user_c5de9166-8688-4ef7-ba9e-6d951c7de582","123456","测试用户","Y","29/6/2026 14:07:18",
"2071475574529003522","user_1d0721ab-db5e-4e09-8e2e-d125f1266db2","123456","测试用户","Y","29/6/2026 14:07:18",
"2071475574973599746","user_29cadf76-cd11-4e30-8248-fef58a1cbcd5","123456","测试用户","Y","29/6/2026 14:07:18",
"2071475575359475713","user_12f57226-ea96-44e7-a417-caf3b1dc768a","123456","测试用户","Y","29/6/2026 14:07:18",
"2071475575820849154","user_c46f3c5e-e295-450e-8816-cf9191e51c0d","123456","测试用户","Y","29/6/2026 14:07:18",
"2071475576210919425","user_5879290c-6502-404d-9fd1-3e0706fb3799","123456","测试用户","Y","29/6/2026 14:07:18",
"2071475576605184001","user_abf6ad34-8dba-438d-a0fa-14707449faeb","123456","测试用户","Y","29/6/2026 14:07:18",
"2071475748219326466","user_985ea6d4-f374-4fb1-800d-cd29188bf77b","123456","测试用户","Y","29/6/2026 14:07:59",
"2071475748680699906","user_2915b8c4-593e-42ac-a0c6-43c5644050be","123456","测试用户","Y","29/6/2026 14:07:59",
"2071475749003661313","user_3bf3d594-ed1a-4088-a406-1ee198961f00","123456","测试用户","Y","29/6/2026 14:07:59",
"2071475749460840450","user_0089ba09-857c-41b6-83b3-49f5b871ed9e","123456","测试用户","Y","29/6/2026 14:07:59",
"2071475749934796802","user_d8c3af86-26a2-4c82-8251-1014ed145183","123456","测试用户","Y","29/6/2026 14:08:00",
"2071475750320672770","user_ebd87f78-5941-4424-879e-a0b60ef2b26c","123456","测试用户","Y","29/6/2026 14:08:00",
"2071475750710743042","user_ea499983-fa93-471f-b89d-1cdd17db91e8","123456","测试用户","Y","29/6/2026 14:08:00",
"2071475751167922177","user_7f1c39fb-be4e-4f94-8c2d-eb2774c0cd08","123456","测试用户","Y","29/6/2026 14:08:00",
"2071475751566381057","user_7a9ce842-2bd8-41f4-a266-645b821c647c","123456","测试用户","Y","29/6/2026 14:08:00",
"2071475751960645634","user_28e399e0-dd2a-4434-a411-04f730b9743f","123456","测试用户","Y","29/6/2026 14:08:00",
"2071475752426213377","user_edbb86cc-d55c-48ce-921a-48c589c4d831","123456","测试用户","Y","29/6/2026 14:08:00",
"2071475752824672257","user_b5a3f08d-0906-4399-b256-e12be05a0e7f","123456","测试用户","Y","29/6/2026 14:08:00",
"2071475753218936833","user_3a231424-b05f-4821-9596-a3b1b8274c8f","123456","测试用户","Y","29/6/2026 14:08:00",
"2071475753667727361","user_f19ba658-c5d0-446c-b1ef-d3823b76ab4e","123456","测试用户","Y","29/6/2026 14:08:00",
"2071475754057797633","user_d354c6fe-6e0b-4c59-bedf-9cc17c1e9bbc","123456","测试用户","Y","29/6/2026 14:08:01",
"2071475754527559681","user_21ba3a9c-5df6-4169-8e35-b4015cab3210","123456","测试用户","Y","29/6/2026 14:08:01",
"2071475754896658434","user_0453d463-dc67-4fbf-b168-31c5d2ee67f4","123456","测试用户","Y","29/6/2026 14:08:01",
"2071475755349643266","user_762fdf9e-ed3d-4d60-b443-8de927904fbe","123456","测试用户","Y","29/6/2026 14:08:01",
"2071475755748102146","user_3bd6c3db-2d90-4b7a-ae70-3c289ab5a0e8","123456","测试用户","Y","29/6/2026 14:08:01",
"2071475756209475586","user_fb6bbfd4-94c3-4c3b-ae14-c6ef5d51f5cc","123456","测试用户","Y","29/6/2026 14:08:01",
"2071475756599545857","user_52c055c9-eb95-4554-b330-57649d8e874c","123456","测试用户","Y","29/6/2026 14:08:01",
"2071475757060919298","user_8bf08095-353b-423e-8ff2-d41bf0512dfb","123456","测试用户","Y","29/6/2026 14:08:01",
"2071475757455183873","user_203d5b27-39b5-4a18-af1b-20c9d962d7c5","123456","测试用户","Y","29/6/2026 14:08:01",
"2071475757849448449","user_365f2999-b655-4247-88be-f5e9b817ce61","123456","测试用户","Y","29/6/2026 14:08:02",
"2071475758310821890","user_56dcc70a-011c-409f-a676-fcca1da8dd8d","123456","测试用户","Y","29/6/2026 14:08:02",
"2071475758696697858","user_674743c6-0321-4b0b-851f-924c4120dbda","123456","测试用户","Y","29/6/2026 14:08:02",
"2071475759145488385","user_c6efbdc7-512e-42d2-a4ee-1fd37eca0949","123456","测试用户","Y","29/6/2026 14:08:02",
"2071475759548141570","user_5d97a2d4-8bf0-4386-aff9-df99a457741d","123456","测试用户","Y","29/6/2026 14:08:02",
"2071475759929823233","user_19655eb7-2960-40d8-b6e6-64b836afe4b6","123456","测试用户","Y","29/6/2026 14:08:02",
"2071475760391196674","user_45f98eef-3ec7-4908-9128-6de9df6d2433","123456","测试用户","Y","29/6/2026 14:08:02",
"2071475760781266946","user_5d28a8b0-ebe3-4d19-8653-daeb533badb3","123456","测试用户","Y","29/6/2026 14:08:02",
"2071475761238446081","user_a47641b2-85ee-4c33-8112-6c281b448c3f","123456","测试用户","Y","29/6/2026 14:08:02",
"2071475761632710658","user_d3e961b2-1bf7-4c67-87c9-ada70ccc1c00","123456","测试用户","Y","29/6/2026 14:08:02",
"2071475762026975233","user_ad32b86e-c2c3-4ff5-a97f-778427f91b0b","123456","测试用户","Y","29/6/2026 14:08:02",
"2071475762484154370","user_457d10ac-50dd-4ff7-aa3f-186edf588721","123456","测试用户","Y","29/6/2026 14:08:03",
"2071475762878418945","user_1515588e-2e06-42ca-a097-387827acf2ab","123456","测试用户","Y","29/6/2026 14:08:03",
"2071475763331403777","user_cbcfd177-79a6-4871-808a-2594b34d2b48","123456","测试用户","Y","29/6/2026 14:08:03",
"2071475763721474050","user_d1b458ae-71df-496d-8696-8a85c411781e","123456","测试用户","Y","29/6/2026 14:08:03",
"2071475764182847490","user_b93e43ea-2fb6-4667-bb64-5740be5bc5ac","123456","测试用户","Y","29/6/2026 14:08:03",
"2071475764564529153","user_89ef6d98-43cd-4ba4-b4f3-573c8e6c2c3f","123456","测试用户","Y","29/6/2026 14:08:03",
"2071475765025902593","user_50ce7168-fc79-415f-bb66-06c6773706b3","123456","测试用户","Y","29/6/2026 14:08:03",
"2071475765411778562","user_19eb7bf3-c560-4131-873d-6853714bfc69","123456","测试用户","Y","29/6/2026 14:08:03",
"2071475765810237441","user_cd9b4254-f2a4-4ad2-b941-0352b4161426","123456","测试用户","Y","29/6/2026 14:08:03",
"2071475766267416577","user_6c24fae1-de1f-4bb4-9841-68334d510cf5","123456","测试用户","Y","29/6/2026 14:08:04",
"2071475766661681153","user_7788c320-9e25-4edf-8159-7e25ab9cafe5","123456","测试用户","Y","29/6/2026 14:08:04",
"2071475767060140033","user_5ea5ec3d-6f32-4c38-8542-74bca875a8a3","123456","测试用户","Y","29/6/2026 14:08:04",
"2071475767508930562","user_0c9e58ed-4671-47f9-a53e-078877d34433","123456","测试用户","Y","29/6/2026 14:08:04",
"2071475767928360962","user_2aeb06d6-f2e0-4393-b4e9-4dfac9244c17","123456","测试用户","Y","29/6/2026 14:08:04",
"2071475768360374273","user_7d88c84d-0f25-4ab9-acd5-9b7d7fa9b83a","123456","测试用户","Y","29/6/2026 14:08:04",
"2071475768767221761","user_3735ebaa-cd38-47ef-beb1-7f4219340286","123456","测试用户","Y","29/6/2026 14:08:04",
"2071475769216012289","user_f8a1034a-443e-4f04-bc60-3178476c8ba1","123456","测试用户","Y","29/6/2026 14:08:04",
"2071475769601888257","user_416feab7-5571-468c-9d41-60e10562f923","123456","测试用户","Y","29/6/2026 14:08:04",
"2071475770067456001","user_c94a7bef-1512-409f-8cee-3a0f8bcb76b2","123456","测试用户","Y","29/6/2026 14:08:04",
"2071475770465914881","user_8d03ea44-5ea9-4a21-bbfd-3f3afe1d0d93","123456","测试用户","Y","29/6/2026 14:08:04",
"2071475770847596545","user_4946ee4a-85e7-4557-831c-924745fb5e2b","123456","测试用户","Y","29/6/2026 14:08:05",
"2071475771246055425","user_ff3d9e1d-6c52-434f-9afa-91c79612cec8","123456","测试用户","Y","29/6/2026 14:08:05",
"2071475771761954817","user_8a25e237-198f-4821-9413-3c33dbd8a340","123456","测试用户","Y","29/6/2026 14:08:05",
"2071475772147830786","user_d2a637c9-461e-4bc7-94e3-749d653ec525","123456","测试用户","Y","29/6/2026 14:08:05",
"2071475772542095361","user_b98c17d3-9183-4a5c-8061-b77093b6eab1","123456","测试用户","Y","29/6/2026 14:08:05",
"2071475772990885890","user_3e19438f-a4ee-4dca-b42a-d94966b1d970","123456","测试用户","Y","29/6/2026 14:08:05",
"2071475773385150465","user_1cc2138d-e7d9-46d6-a38a-48f1021bba14","123456","测试用户","Y","29/6/2026 14:08:05",
"2071475773854912513","user_529a3238-8536-47d0-b9c5-2dde9dcfd2cb","123456","测试用户","Y","29/6/2026 14:08:05",
"2071475774240788481","user_150cff0a-13f8-4720-86d9-583ac35b505a","123456","测试用户","Y","29/6/2026 14:08:05",
"2071475774635053057","user_2a267390-0fef-4919-b49e-6f0f3a2bbf2e","123456","测试用户","Y","29/6/2026 14:08:05",
"2071475775096426498","user_d9caa98a-9c3b-44ca-8b97-1c1a9a8d83a0","123456","测试用户","Y","29/6/2026 14:08:06",
"2071475775482302466","user_ee02bd95-038f-4b46-aed3-f1f430d627f8","123456","测试用户","Y","29/6/2026 14:08:06",
"2071475775931092993","user_c90d038d-81e6-430f-89ab-bf34ecc24915","123456","测试用户","Y","29/6/2026 14:08:06",
"2071475776384077825","user_05229ee6-2379-4a56-a50f-7c8d2ee5a1cc","123456","测试用户","Y","29/6/2026 14:08:06",
"2071475776782536705","user_184fef29-2fd8-4218-bdb8-a0c808ac1586","123456","测试用户","Y","29/6/2026 14:08:06",
"2071475777172606978","user_d25a1742-704a-46b0-99cd-b634ec29a33c","123456","测试用户","Y","29/6/2026 14:08:06",
"2071475777571065858","user_bad33fe8-70ed-4113-b034-b32865412512","123456","测试用户","Y","29/6/2026 14:08:06",
"2071475777965330433","user_245a9383-f80c-4855-b4f6-bf1faaf8125c","123456","测试用户","Y","29/6/2026 14:08:06",
"2071475778422509570","user_3f0daaec-a830-43b8-a0ca-8b5e893daf39","123456","测试用户","Y","29/6/2026 14:08:06",
"2071475778820968450","user_77537670-45d3-4100-b0e6-ba6765a6be0c","123456","测试用户","Y","29/6/2026 14:08:06",
"2071475779290730497","user_70f3c2a3-bedb-4b6b-a088-9b9e625b17a8","123456","测试用户","Y","29/6/2026 14:08:07",
"2071475779689189378","user_c6ed3f15-df2c-4b87-a332-3f2628a85f12","123456","测试用户","Y","29/6/2026 14:08:07",
"2071475780079259650","user_dc50c136-59c6-4102-a7a4-c3a05b2bd813","123456","测试用户","Y","29/6/2026 14:08:07",
"2071475780540633089","user_bf012d75-9d43-4e26-8b47-34d2a7349b2d","123456","测试用户","Y","29/6/2026 14:08:07",
"2071475780926509058","user_c99333c1-ed2d-4dd2-97ba-b95b38e73868","123456","测试用户","Y","29/6/2026 14:08:07",
"2071475781387882498","user_f855d86b-d529-473d-992b-34dce616f2f6","123456","测试用户","Y","29/6/2026 14:08:07",
"2071475781777952770","user_081c5ada-d461-4078-a20c-d06737f24d5b","123456","测试用户","Y","29/6/2026 14:08:07",
"2071475782176411650","user_e42b79e7-f27c-4441-a35e-3d829984bd1f","123456","测试用户","Y","29/6/2026 14:08:07",
"2071475782633590786","user_47b5cd8b-db0e-4b68-97ad-9be1a165277f","123456","测试用户","Y","29/6/2026 14:08:07",
"2071475783032049666","user_8da04f4f-1b7c-4c74-b142-4adcf5a7e02e","123456","测试用户","Y","29/6/2026 14:08:07",
"2071475783489228801","user_acef895a-d1ef-4da5-a059-bcdfff9c602d","123456","测试用户","Y","29/6/2026 14:08:08",
"2071475783883493377","user_87710ea3-9de4-43f5-9202-b4d1224ba21f","123456","测试用户","Y","29/6/2026 14:08:08",
"2071475784265175042","user_0802855b-f31d-442a-a9eb-7a632f2d659d","123456","测试用户","Y","29/6/2026 14:08:08",
"2071475784739131393","user_f66ac2aa-a353-4a94-aaf7-753815484493","123456","测试用户","Y","29/6/2026 14:08:08",
"2071475785108230145","user_d0459c03-33fd-4691-a178-ed774722ec4d","123456","测试用户","Y","29/6/2026 14:08:08",
"2071475785565409281","user_22c3d404-d952-41b0-a30f-ec2f2c038c8c","123456","测试用户","Y","29/6/2026 14:08:08",
"2071475785959673857","user_e0cca5b8-9a52-4293-ab87-d07118b16437","123456","测试用户","Y","29/6/2026 14:08:08",
"2071475786425241602","user_6f79be2e-46ba-4578-b810-4e56981165d8","123456","测试用户","Y","29/6/2026 14:08:08",
"2071475786827894785","user_2ed2d4ad-6972-408f-8ec9-f2cfe89020c8","123456","测试用户","Y","29/6/2026 14:08:08",
"2071475787213770754","user_0a872264-56f2-4cfa-b2a5-9871b0ef604e","123456","测试用户","Y","29/6/2026 14:08:08",
"2071475787675144193","user_598a6b4c-6237-4c6e-b4c7-6869c9326258","123456","测试用户","Y","29/6/2026 14:08:09",
"2071475788061020161","user_870be276-6a2b-4d0e-a27f-f4cfc18ebb17","123456","测试用户","Y","29/6/2026 14:08:09",
"2071475788459479042","user_eb32e491-c62f-46a9-be90-06600f4e08db","123456","测试用户","Y","29/6/2026 14:08:09",
"2071475788912463874","user_e035327c-a878-423f-99a7-030bf5a9469f","123456","测试用户","Y","29/6/2026 14:08:09",
"2071475789306728450","user_1a69ce22-9242-4767-bb6e-d0a993a152a6","123456","测试用户","Y","29/6/2026 14:08:09",
"2071475789776490497","user_044bee62-2bf9-40e5-9d69-328c79d78cb2","123456","测试用户","Y","29/6/2026 14:08:09",
"2071476550191222786","user_f723f3c1-4a74-499f-90c1-cd6dc4376ee9","123456","测试用户","Y","29/6/2026 14:11:10",
"2071476550660984833","user_412fb58d-aacb-459d-9296-4a88eec040ca","123456","测试用户","Y","29/6/2026 14:11:11",
"2071476551055249409","user_2f448969-2719-4d3a-8b75-71568fa67a7b","123456","测试用户","Y","29/6/2026 14:11:11",
"2071476551449513985","user_bb2abecd-00de-4a39-bd7f-c9fc71e912c6","123456","测试用户","Y","29/6/2026 14:11:11",
"2071476551831195649","user_530b7420-e305-4c52-95c3-95d7557180aa","123456","测试用户","Y","29/6/2026 14:11:11",
"2071476552296763393","user_be201470-6153-4bb0-9944-7824819bbf9f","123456","测试用户","Y","29/6/2026 14:11:11",
"2071476552678445057","user_2aabd1e7-cb49-4a49-8ec4-f184afbf46a1","123456","测试用户","Y","29/6/2026 14:11:11",
"2071476553076903938","user_4f8ca7ec-1a4d-48be-aadc-bb9169071719","123456","测试用户","Y","29/6/2026 14:11:11",
"2071476553529888770","user_40802b54-a76e-45b0-9e9b-fb5a43bf6176","123456","测试用户","Y","29/6/2026 14:11:11",
"2071476553995456514","user_6dae9203-2b58-4672-8b4c-12619236835a","123456","测试用户","Y","29/6/2026 14:11:11",
"2071476554385526786","user_3dc5334a-d8de-45eb-b2c6-c36ecf264dba","123456","测试用户","Y","29/6/2026 14:11:11",
"2071476554783985665","user_29181550-7bf0-4512-8041-577167672243","123456","测试用户","Y","29/6/2026 14:11:11",
"2071476555182444545","user_f649fe3e-4f84-4996-8ee8-811e0672c1b1","123456","测试用户","Y","29/6/2026 14:11:12",
"2071476555585097729","user_980a8bdf-cb7a-4915-bc1f-b4277d9e6adb","123456","测试用户","Y","29/6/2026 14:11:12",
"2071476556063248386","user_4c333705-439d-4595-ad7c-7d93049964e9","123456","测试用户","Y","29/6/2026 14:11:12",
"2071476556449124354","user_5421ef76-954b-4ce9-aaf8-34615fbbce9f","123456","测试用户","Y","29/6/2026 14:11:12",
"2071476556910497794","user_34779491-f514-4e4b-a090-53b9e57951e7","123456","测试用户","Y","29/6/2026 14:11:12",
"2071476557296373761","user_c6f834db-41f1-482a-83b1-4786944e556b","123456","测试用户","Y","29/6/2026 14:11:12",
"2071476557740969985","user_7cbe9858-95b2-41df-854b-c76860b9c239","123456","测试用户","Y","29/6/2026 14:11:12",
"2071476558139428866","user_08b59192-621e-473c-9168-765367c38bf1","123456","测试用户","Y","29/6/2026 14:11:12",
"2071476558537887746","user_55eb9e89-5e53-473a-b638-42137579d38f","123456","测试用户","Y","29/6/2026 14:11:12",
"2071476558999261185","user_1e0edee0-0f39-4884-b399-611e70610b1f","123456","测试用户","Y","29/6/2026 14:11:12",
"2071476559401914369","user_91dd1118-2af0-4302-af04-5b1a1c53d8fc","123456","测试用户","Y","29/6/2026 14:11:13",
"2071476559791984642","user_1d66a46e-c9de-4c48-ae7a-c5d7570fc2fd","123456","测试用户","Y","29/6/2026 14:11:13",
"2071476560236580865","user_e4c26443-09c6-4518-b03c-22ecf85ce56f","123456","测试用户","Y","29/6/2026 14:11:13",
"2071476560630845442","user_9bebdbf2-266f-4f91-818b-bdf611596752","123456","测试用户","Y","29/6/2026 14:11:13",
"2071476561079635970","user_e0a699cf-63ee-4dc8-9889-aca4b2edc400","123456","测试用户","Y","29/6/2026 14:11:13",
"2071476561478094849","user_d433af6d-561b-4fc5-95ee-d1d363171d85","123456","测试用户","Y","29/6/2026 14:11:13",
"2071476561939468289","user_8f6b5dc8-c91b-4d1f-a1a7-fc5e6478afcb","123456","测试用户","Y","29/6/2026 14:11:13",
"2071476562325344257","user_62ba0240-765a-487e-acfc-24d394d8d8e3","123456","测试用户","Y","29/6/2026 14:11:13",
"2071476562736386049","user_c5970411-fccc-48f0-b7d9-d6d408036153","123456","测试用户","Y","29/6/2026 14:11:13",
"2071476563176787969","user_dc84c011-a7a7-42b7-9b8b-2b655bb9deff","123456","测试用户","Y","29/6/2026 14:11:14",
"2071476563562663938","user_66070e7f-3703-4f1c-9083-8167572bcfc2","123456","测试用户","Y","29/6/2026 14:11:14",
"2071476564028231682","user_ceaefba1-8505-4b72-9dc1-438158666917","123456","测试用户","Y","29/6/2026 14:11:14",
"2071476564418301954","user_06878b32-eb15-4a26-b8a1-fa7c3583a32c","123456","测试用户","Y","29/6/2026 14:11:14",
"2071476564812566529","user_58fab03b-2e23-46a6-bc34-f5e1c4a0ccd5","123456","测试用户","Y","29/6/2026 14:11:14",
"2071476565265551362","user_8d536040-f9d0-4f06-8666-b3caeb8bc641","123456","测试用户","Y","29/6/2026 14:11:14",
"2071476565659815937","user_bcb8c085-912c-4823-a129-b1824a749b3c","123456","测试用户","Y","29/6/2026 14:11:14",
"2071476566116995074","user_1bff3faf-b0bd-41e6-9176-b6469e997dd7","123456","测试用户","Y","29/6/2026 14:11:14",
"2071476566507065346","user_7667b059-6389-443f-a4f5-4eb589684404","123456","测试用户","Y","29/6/2026 14:11:14",
"2071476566968438786","user_03d3823d-8b83-47b3-bc76-6a8a8abea463","123456","测试用户","Y","29/6/2026 14:11:14",
"2071476567362703361","user_534e6d61-7d87-4c51-b062-0b0bd01ae706","123456","测试用户","Y","29/6/2026 14:11:14",
"2071476567752773633","user_a6604bda-c086-4f9b-9ec4-d72caf8ba7b2","123456","测试用户","Y","29/6/2026 14:11:15",
"2071476568222535681","user_bf4b4d7d-0900-419b-8c88-3798fa3f3343","123456","测试用户","Y","29/6/2026 14:11:15",
"2071476568604217346","user_a058d4dd-bc3a-459b-af3a-e5c1ff1baa9f","123456","测试用户","Y","29/6/2026 14:11:15",
"2071476569002676225","user_4b57f7bb-bbe5-4d53-8b79-f632606a4e31","123456","测试用户","Y","29/6/2026 14:11:15",
"2071476569531158529","user_c24c416a-8184-4cdb-8be4-320db5bba460","123456","测试用户","Y","29/6/2026 14:11:15",
"2071476569858314242","user_ee4fb2aa-7c86-45e6-b0a3-bb7614bf243c","123456","测试用户","Y","29/6/2026 14:11:15",
"2071476570319687681","user_e0c548d3-3f9c-48bc-a363-0993a21dafd7","123456","测试用户","Y","29/6/2026 14:11:15",
"2071476570718146562","user_25b05ea5-fb2c-45b9-bf45-bcb8c76b8e15","123456","测试用户","Y","29/6/2026 14:11:15",
"2071476571116605441","user_a29da9b9-b067-4592-a922-4d401a45f764","123456","测试用户","Y","29/6/2026 14:11:15",
"2071476571510870018","user_fab3ea73-e358-4871-bae8-1918783bb49f","123456","测试用户","Y","29/6/2026 14:11:15",
"2071476571976437761","user_e29a00e7-6431-4dc3-8def-1ffa36acb88a","123456","测试用户","Y","29/6/2026 14:11:16",
"2071476572362313729","user_37a30b52-fb84-4dc3-944a-1838231c2266","123456","测试用户","Y","29/6/2026 14:11:16",
"2071476572823687170","user_71bac7cf-9fa0-4e7b-807a-2244a1bc4b4e","123456","测试用户","Y","29/6/2026 14:11:16",
"2071476573217951746","user_8300801f-49c6-4d71-97bb-feb25c0c3750","123456","测试用户","Y","29/6/2026 14:11:16",
"2071476573675130882","user_8d59fec2-9511-4d0e-b47f-cc25da33d554","123456","测试用户","Y","29/6/2026 14:11:16",
"2071476574069395457","user_746ebc32-f08d-4cd3-8b90-1cd6c4901713","123456","测试用户","Y","29/6/2026 14:11:16",
"2071476574463660033","user_a07ba069-0545-490b-88d7-a382f10a68c9","123456","测试用户","Y","29/6/2026 14:11:16",
"2071476574925033474","user_4129878e-e1b2-44c6-a3db-2b8d925862e7","123456","测试用户","Y","29/6/2026 14:11:16",
"2071476575315103745","user_63a9511d-bbf1-4e8f-a30e-2d3ca9e1c405","123456","测试用户","Y","29/6/2026 14:11:16",
"2071476575772282882","user_9c8c825f-cb70-4afd-84d5-eea92554157a","123456","测试用户","Y","29/6/2026 14:11:16",
"2071476576158158849","user_0a0a2b1b-a1e7-4b5f-b68b-32f2cf5aca57","123456","测试用户","Y","29/6/2026 14:11:17",
"2071476576548229122","user_d1cb947d-0c8e-45b2-90c3-7e1bb5f0f85e","123456","测试用户","Y","29/6/2026 14:11:17",
"2071476577013796866","user_e2a271ab-eed3-4c4c-8773-ff1e0f1eb1ee","123456","测试用户","Y","29/6/2026 14:11:17",
"2071476577412255746","user_179b8006-b7ab-421a-a76d-f5afcba71994","123456","测试用户","Y","29/6/2026 14:11:17",
"2071476577810714625","user_111e2ff6-a789-4604-9e73-141af6e3b591","123456","测试用户","Y","29/6/2026 14:11:17",
"2071476578276282370","user_5d7b1237-b9ab-4b56-bda2-20fcfff82def","123456","测试用户","Y","29/6/2026 14:11:17",
"2071476578662158337","user_84368a24-fc56-40c9-a0d4-f9788f02e6ce","123456","测试用户","Y","29/6/2026 14:11:17",
"2071476579127726081","user_a6f004e8-5f37-42a0-8972-b34ba5c91d4a","123456","测试用户","Y","29/6/2026 14:11:17",
"2071476579530379265","user_092195bf-53e1-401a-8979-c44a366d4226","123456","测试用户","Y","29/6/2026 14:11:17",
"2071476579920449538","user_5eb16ec1-150b-49f3-94ab-6e3658920afe","123456","测试用户","Y","29/6/2026 14:11:17",
"2071476580314714113","user_171a754e-a502-4be0-bd80-56f2929cd26d","123456","测试用户","Y","29/6/2026 14:11:18",
"2071476580771893249","user_6f621c6d-93e3-439f-b408-cb919beae23e","123456","测试用户","Y","29/6/2026 14:11:18",
"2071476581166157825","user_c9ab3c60-d52a-42f7-a2ab-6c6d7715c4a6","123456","测试用户","Y","29/6/2026 14:11:18",
"2071476581631725570","user_1516d11c-a467-47de-b39f-4080ecc5664d","123456","测试用户","Y","29/6/2026 14:11:18",
"2071476582021795841","user_029db74a-a5a0-48f9-b0a3-f89074b84e78","123456","测试用户","Y","29/6/2026 14:11:18",
"2071476582478974978","user_78aefaad-13f7-4206-bcb1-46e10447a71d","123456","测试用户","Y","29/6/2026 14:11:18",
"2071476582873239554","user_b57be36e-09b7-41eb-aff9-335d06485eee","123456","测试用户","Y","29/6/2026 14:11:18",
"2071476583263309826","user_1b0172ad-cae9-455e-811c-53f707be90d0","123456","测试用户","Y","29/6/2026 14:11:18",
"2071476583728877570","user_b5f1e9de-ac84-4369-b55c-5434d6acc2ac","123456","测试用户","Y","29/6/2026 14:11:18",
"2071476584110559234","user_5e4174ad-bb17-4c77-b78a-0c1cfb8a7b96","123456","测试用户","Y","29/6/2026 14:11:18",
"2071476584571932673","user_fe57cf01-d843-4ed9-841f-f0b25dc7d7bf","123456","测试用户","Y","29/6/2026 14:11:19",
"2071476584957808642","user_610e2d89-e13e-4d85-8e80-05eb568e423a","123456","测试用户","Y","29/6/2026 14:11:19",
"2071476585352073217","user_8b5b99d8-6790-4dc1-bd64-25f4d252edc0","123456","测试用户","Y","29/6/2026 14:11:19",
"2071476585817640962","user_660e3892-a642-4b71-a0d3-82d7046ca95c","123456","测试用户","Y","29/6/2026 14:11:19",
"2071476586207711234","user_6c668394-8176-4b79-ad88-ea1d86e1ecfa","123456","测试用户","Y","29/6/2026 14:11:19",
"2071476586669084673","user_d3d15266-6ad7-448a-a510-66b20f2483a7","123456","测试用户","Y","29/6/2026 14:11:19",
"2071476587063349249","user_5af32ac3-e65f-476f-b918-51350911cef2","123456","测试用户","Y","29/6/2026 14:11:19",
"2071476587528916993","user_51f0b952-4d22-4bde-9ef2-ff089cd3ab03","123456","测试用户","Y","29/6/2026 14:11:19",
"2071476587910598658","user_bc7b45bc-86cc-4484-bddb-a8f9b2d1460f","123456","测试用户","Y","29/6/2026 14:11:19",
"2071476588300668930","user_9af89509-dad7-4f0a-ae69-9138c4746e6a","123456","测试用户","Y","29/6/2026 14:11:19",
"2071476588757848065","user_fc9b467e-7aa2-4ce2-9a0e-777a07613c11","123456","测试用户","Y","29/6/2026 14:11:20",
"2071476589143724034","user_08e5d18a-f8f1-4012-8d62-dad4895c5940","123456","测试用户","Y","29/6/2026 14:11:20",
"2071476589613486081","user_cbfe10fa-17d2-489e-adda-bff0512836f4","123456","测试用户","Y","29/6/2026 14:11:20",
"2071476589999362050","user_5d61057a-e935-4da7-be64-058ae6337be7","123456","测试用户","Y","29/6/2026 14:11:20",
"2071476590397820929","user_64088a83-6be9-468a-b266-d00559fa87ce","123456","测试用户","Y","29/6/2026 14:11:20",
"2071476590859194370","user_f740dd95-99eb-4231-a6a5-f3e0056c378b","123456","测试用户","Y","29/6/2026 14:11:20",
"2071476591249264642","user_985d8b49-9c36-463d-b82d-dd9b08929409","123456","测试用户","Y","29/6/2026 14:11:20",
"2071476591714832385","user_fce1653d-c08e-429f-bd22-63c30363c80e","123456","测试用户","Y","29/6/2026 14:11:20",
